customer_id,name,email,country,account_balance,last_transaction_date
1,Alice Morgan,alice.morgan@finco.com,USA,15200.75,2024-12-01
2,Bob Lee,bob.lee@wealthplus.org,Canada,9800.0,2024-11-28
3,Charlie Singh,charlie@capitaltrust.io,UK,18300.5,2024-11-30
4,Diana Zhang,diana.z@securebank.net,Germany,12950.0,2024-12-02
5,Eric Patel,eric.patel@investhub.com,India,11400.25,2024-11-25
6,Ankit Verma,ankit.verma@finco.com,India,17200.75,2024-12-03
7,Shalini Tope,shalini.tope@finco.com,India,25200.75,2024-12-04
8,Kim Rodriguez,kim.rodriguez@wealthplus.org,USA,12662.99,2025-04-13
9,Sean Hudson,sean.hudson@finco.com,Canada,11562.76,2025-04-28
10,Sharon Mosley,sharon.mosley@securebank.net,India,27271.71,2025-04-02
11,Nicholas Jones,nicholas.jones@securebank.net,Germany,22729.76,2025-03-23
12,Jeffrey Hill,jeffrey.hill@securebank.net,Canada,22523.02,2025-03-18
13,Steve Bridges,steve.bridges@capitaltrust.io,USA,25224.62,2025-04-05
14,Sheryl Brown,sheryl.brown@securebank.net,UK,18643.69,2025-05-11
15,Aaron Barrett,aaron.barrett@capitaltrust.io,USA,18563.23,2025-04-23
16,Laura Griffin,laura.griffin@capitaltrust.io,Canada,19209.52,2025-04-16
17,Tina Bell,tina.bell@investhub.com,UK,15517.02,2025-03-18
18,Katherine Woods,katherine.woods@securebank.net,Canada,25253.74,2025-03-27
19,Sandra Miller,sandra.miller@investhub.com,USA,9864.57,2025-04-01
20,Marissa Griffin,marissa.griffin@wealthplus.org,UK,19150.94,2025-05-16
21,Tami Cannon,tami.cannon@investhub.com,India,10875.02,2025-04-25
22,Cynthia Carlson,cynthia.carlson@investhub.com,Canada,16869.61,2025-04-17
23,Anthony Smith,anthony.smith@investhub.com,Germany,23033.77,2025-04-08
24,Steven Martin,steven.martin@finco.com,India,16611.59,2025-04-29
25,Robert Green,robert.green@investhub.com,India,23589.28,2025-04-04
26,Amber Curry,amber.curry@securebank.net,India,9607.82,2025-03-31
27,Heather Hall,heather.hall@wealthplus.org,UK,19225.63,2025-04-17
28,Ana Kennedy,ana.kennedy@wealthplus.org,UK,16162.9,2025-03-25
29,David Mitchell,david.mitchell@finco.com,UK,27549.74,2025-04-10
30,Jonathan Scott,jonathan.scott@capitaltrust.io,Canada,22496.37,2025-04-08
31,Timothy Short,timothy.short@finco.com,Canada,23267.28,2025-03-27
32,Victor Martinez,victor.martinez@capitaltrust.io,Canada,14453.56,2025-04-26
33,Heather Beard,heather.beard@securebank.net,Canada,21121.19,2025-04-28
34,Diana Sparks,diana.sparks@securebank.net,Canada,15731.57,2025-04-25
35,Juan Jenkins,juan.jenkins@finco.com,Germany,27650.61,2025-04-16
36,Christopher Smith,christopher.smith@finco.com,UK,17303.7,2025-03-28
37,Ashley Zamora,ashley.zamora@wealthplus.org,India,19822.78,2025-04-15
38,Laura Roberts,laura.roberts@securebank.net,UK,17376.25,2025-03-24
39,Roy Rivas,roy.rivas@capitaltrust.io,India,21817.81,2025-03-21
40,Stephanie Hall,stephanie.hall@investhub.com,UK,21779.94,2025-04-12
41,Joseph White,joseph.white@investhub.com,Germany,15293.03,2025-05-09
42,Cynthia Perry,cynthia.perry@capitaltrust.io,India,9173.31,2025-04-18
43,Lonnie White,lonnie.white@capitaltrust.io,UK,27469.82,2025-04-11
44,Cheryl Bell,cheryl.bell@wealthplus.org,Germany,21203.03,2025-05-07
45,Catherine Burke,catherine.burke@finco.com,Germany,28529.18,2025-04-08
46,Eduardo Ballard,eduardo.ballard@investhub.com,India,12582.43,2025-04-20
47,Kyle Stevens,kyle.stevens@finco.com,Canada,26510.17,2025-04-14
48,Gregory Lawson,gregory.lawson@capitaltrust.io,Canada,26831.06,2025-05-12
49,Robert Kent,robert.kent@investhub.com,UK,16928.86,2025-05-01
50,Donald Miller,donald.miller@securebank.net,Canada,14920.69,2025-04-27
51,Scott Gomez,scott.gomez@capitaltrust.io,Canada,21325.98,2025-04-20
52,Jason Mcdaniel,jason.mcdaniel@investhub.com,India,9952.91,2025-04-11
53,Brooke Owens,brooke.owens@capitaltrust.io,India,23984.72,2025-03-28
54,Mrs. Heather Everett,mrs..heather.everett@finco.com,USA,13899.2,2025-04-15
55,Ryan Harrison,ryan.harrison@wealthplus.org,Canada,19353.98,2025-03-29
56,Kevin Mcbride,kevin.mcbride@wealthplus.org,UK,15942.04,2025-04-12
57,Kimberly Callahan,kimberly.callahan@securebank.net,Canada,13597.2,2025-04-18
58,Tara Smith,tara.smith@finco.com,USA,24779.29,2025-05-06
59,Eric Gonzales,eric.gonzales@capitaltrust.io,Germany,15417.3,2025-05-06
60,Jermaine Lewis,jermaine.lewis@investhub.com,UK,28376.67,2025-03-28
61,Kenneth Thompson,kenneth.thompson@securebank.net,USA,27534.38,2025-05-10
62,James Davis,james.davis@wealthplus.org,Germany,8609.27,2025-04-15
63,Debra Brennan,debra.brennan@finco.com,USA,8052.01,2025-04-20
64,Dawn Terry,dawn.terry@securebank.net,Germany,11731.68,2025-04-01
65,Natalie Parks,natalie.parks@securebank.net,Germany,28381.76,2025-03-28
66,Melissa Rodriguez,melissa.rodriguez@finco.com,UK,16298.67,2025-04-04
67,Jorge Chambers,jorge.chambers@finco.com,Germany,24890.16,2025-03-30
68,Timothy Wright,timothy.wright@wealthplus.org,India,22783.84,2025-03-23
69,Sarah Perez,sarah.perez@wealthplus.org,UK,11559.17,2025-04-14
70,Brandon Callahan,brandon.callahan@securebank.net,Canada,24726.67,2025-04-08
71,Shannon Lewis,shannon.lewis@securebank.net,Germany,23905.61,2025-03-28
72,Adam Houston,adam.houston@capitaltrust.io,Canada,21928.17,2025-04-21
73,Brooke Dixon,brooke.dixon@capitaltrust.io,India,15331.34,2025-05-15
74,Malik Lawrence,malik.lawrence@wealthplus.org,USA,8839.24,2025-04-16
75,Justin Thomas,justin.thomas@wealthplus.org,UK,17310.09,2025-04-20
76,Matthew Henderson,matthew.henderson@finco.com,Canada,26811.36,2025-03-20
77,Kristina Martinez,kristina.martinez@finco.com,Canada,13695.44,2025-04-29
78,Victoria Pierce,victoria.pierce@investhub.com,UK,18138.61,2025-05-14
79,Dennis Edwards,dennis.edwards@securebank.net,Germany,14233.21,2025-04-02
80,Jeffrey Paul,jeffrey.paul@capitaltrust.io,Germany,15393.31,2025-04-09
81,David Key,david.key@finco.com,Canada,21440.79,2025-05-02
82,Bruce Franklin,bruce.franklin@wealthplus.org,India,14431.73,2025-05-16
83,Jean Torres,jean.torres@finco.com,Germany,15104.89,2025-04-06
84,Angela Jordan,angela.jordan@wealthplus.org,UK,15942.93,2025-03-28
85,Julie Berry,julie.berry@capitaltrust.io,Canada,17710.51,2025-05-02
86,Bradley Nguyen,bradley.nguyen@securebank.net,UK,12608.5,2025-04-14
87,Amy Dean,amy.dean@finco.com,Canada,28777.03,2025-04-09
88,Amanda Wallace,amanda.wallace@investhub.com,USA,28965.35,2025-04-26
89,Morgan Mills,morgan.mills@capitaltrust.io,Germany,25131.24,2025-05-08
90,Kyle Olson,kyle.olson@wealthplus.org,UK,24756.0,2025-05-07
91,Steve Fleming,steve.fleming@investhub.com,India,17874.62,2025-04-27
92,Shannon Velez,shannon.velez@finco.com,USA,29592.74,2025-03-21
93,Robin White,robin.white@investhub.com,UK,19359.72,2025-04-06
94,Rhonda Gilmore,rhonda.gilmore@securebank.net,USA,29041.01,2025-04-13
95,Douglas Burke,douglas.burke@securebank.net,India,27971.83,2025-04-25
96,Kimberly Barnes,kimberly.barnes@securebank.net,India,28882.14,2025-04-26
97,Jill Robinson,jill.robinson@investhub.com,Canada,8300.17,2025-05-07
98,Douglas Montgomery,douglas.montgomery@wealthplus.org,India,8127.24,2025-04-04
99,Courtney Thomas,courtney.thomas@wealthplus.org,Canada,19445.12,2025-04-10
100,Jessica Butler,jessica.butler@capitaltrust.io,USA,16744.21,2025-04-24
